"Ticks","placeholder","Changers","Stayers"
0,,0,0
1,,41495.23039869028,41495.230398690284
2,,48756.895718461084,46567.11233180736
3,,49188.90449215253,46995.76242974481
4,,49841.89652545954,47479.845799223745
5,,58564.22841741491,53482.73437646383
6,,68812.96839046251,60570.725167025455
7,,80855.23785879347,69091.54610364669
8,,95004.90448408232,78955.45049384274
9,,95750.34851451717,79738.17677479654
10,,97104.2116113346,80326.1430219425
11,,98489.86443286615,81420.88847675972
12,,99265.08468992295,82225.94629869892
13,,116636.47451065957,94101.66256572821
14,,117841.71118540163,95195.26114204351
15,,119500.89935759593,96295.94347214441
16,,140413.5567451752,110649.71799837348
17,,141810.77090882818,111465.00884704234
18,,166627.65581787305,128570.41842623393
19,,168333.93542063114,129956.00974008122
20,,170100.65887939645,131709.12811739856
21,,171745.47675881087,132867.67203698444
22,,173520.6165065113,133399.76974055858
23,,203886.7243951506,154333.24985389606
24,,207253.21056863433,155701.6141832582
25,,211353.14371576215,156612.69312832816
26,,248339.94386602042,181325.40412740744
27,,291799.434042574,210430.6321192297
28,,295981.75928907515,213197.44072319593
29,,299223.7306867414,215342.17805855485
30,,303508.7166869768,218765.132095252
31,,356622.7421071974,253985.41233382898
32,,419031.721975957,295652.62059997325
33,,492362.2733217496,344584.0107112872
34,,498087.21745386225,347011.59660168184
35,,501241.4233770323,351322.7656656409
36,,588958.6724680129,409853.330758195
37,,596895.7489544619,412172.92384049244
38,,603584.8080410353,416665.541280336
39,,611463.7740481711,422677.14968581597
40,,617540.3618631607,429015.0226640394
41,,725609.9251892135,501059.28588031937
42,,840662.1852255389,582921.2301021558
43,,845519.234370008,588582.969832366
44,,853771.8267160296,595343.4267263603
45,,858682.3501624175,598086.2535551955
46,,860195.0657708752,601774.9341068984
47,,859838.0850274148,608679.3297208116
48,,927627.0314240786,649789.4512924531
49,,934798.5675514084,658472.2894440023
50,,940000,663666.6046864872
51,,940000,664395.6329074398
52,,953466.0465116279,671884.1616189396
53,,940000,664940.1858405364
54,,951411.1627906977,671522.9036851863
55,,954960.5153488375,678719.4482354098
56,,940000,665754.3930232227
57,,953466.0465116279,673952.7985836387
58,,955592.1734883721,677203.1598115024
59,,940000,666563.4033527261
60,,940000,666822.4018283329
61,,950383.7209302326,672646.7435784598
62,,940000,667306.7089813317
63,,948328.8372093023,674495.6096863371
64,,940000,667464.9662125583
65,,942164.1860465116,670947.1041449128
66,,948920.403255814,675007.824891785
67,,940000,668540.192512367
68,,940000,668729.8048649916
69,,945246.5116279069,676018.1699225352
70,,947553.4902325581,673293.9188514487
71,,940000,669341.7890231544
72,,940000,669566.6853083529
73,,940000,669833.6209562904
74,,940000,670028.4127073586
75,,940000,670439.9539688431
76,,954493.4883720931,679458.6764101521
77,,954147.371627907,678313.9687760825
78,,961335.1538111628,678060.4230662124
79,,952723.7013428734,676078.7012724655
80,,952218.1490762088,676925.9201529868
81,,940000,672271.0021374513
82,,948328.8372093023,682140.5757830658
83,,952768.785116279,688992.403679961
84,,958890.8192804648,694066.8273804479
85,,961528.2138173687,691552.0014231366
86,,940000,673500.5047622677
87,,940000,673952.1117857128
88,,940000,674144.499437302
89,,944219.0697674418,682339.6484065651
90,,940000,674707.6959468884
91,,948328.8372093023,684207.1862446424
92,,940000,675431.3231679365
93,,949356.2790697674,682897.9953467697
94,,956375.7181395349,685331.1780444845
95,,940000,676797.6504892886
96,,940000,677189.0405421878
97,,940000,677477.3710131024
98,,940000,677972.6430017111
99,,948328.8372093023,690135.4135731915
100,,940000,678574.1011500861
101,,940000,678967.0581668478
102,,945246.5116279069,686525.479935312
103,,940000,679621.3201309914
104,,940000,680331.0342177703
105,,940000,680607.6370191621
106,,940000,680826.4828158309
107,,940000,681173.9359560522
108,,940000,681403.1774584866
109,,940000,681914.2420216631
110,,940000,682568.283613421
111,,940000,682673.2652744283
112,,940000,683259.5333441446
113,,945246.5116279069,694664.3489191969
114,,940000,684214.0834458768
115,,949356.2790697674,690161.8707481961
116,,940000,685490.3966282171
117,,953466.0465116279,691653.015150029
118,,940000,686436.1383457589
119,,940000,687148.694555652
120,,940000,687980.3167009595
121,,940000,688755.3065511445
122,,953466.0465116279,698834.1505457789
123,,940000,689437.3721459964
124,,940000,689921.3898157399
125,,947301.3953488372,698811.2403965008
126,,956241.7572093022,700429.8964920401
127,,940000,691442.9671967602
128,,940000,692021.3044078804
129,,940000,692628.3221257679
130,,940000,693274.0351079206
131,,949356.2790697674,700241.5644485226
132,,957389.8032558141,703211.4871602494
133,,966716.171984651,705509.7743572434
134,,940000,695597.9719243952
135,,940000,695945.730960627
136,,940000,696179.6340840737
137,,940000,696640.7670582586
138,,940000,696916.4519675199
139,,953466.0465116279,709628.287461868
140,,940000,698177.79543339
141,,940000,698342.1860383255
142,,950383.7209302326,706333.8013519977
143,,959447.5725581395,708018.5987335286
144,,940000,700839.0012699811
145,,940000,701717.749194727
146,,943191.6279069767,708722.0776888051
147,,940000,702879.8805428137
148,,944219.0697674418,711084.9571601332
149,,940000,703768.2619882871
150,,951411.1627906977,712304.3583392769
151,,954979.2060465117,722593.1238548541
152,,963222.712460465,735385.3330346709
153,,940000,706967.311918766
154,,940000,707603.8989009655
155,,940000,707902.2393097909
156,,948328.8372093023,711539.8794833362
157,,940000,709153.1022095997
158,,950383.7209302326,715177.8465283947
159,,940000,710284.1450449999
160,,940000,711020.4773408142
161,,951411.1627906977,716889.2775430002
162,,940000,713128.0068095315
163,,940000,714176.7384663536
164,,946273.9534883721,722029.2458323962
165,,940000,714934.5525485993
166,,940000,715028.9214643353
167,,940000,716857.9009371649
168,,947301.3953488372,724674.1965790644
169,,940000,718173.0322346676
170,,950383.7209302326,723346.7342751803
171,,940000,720020.536787292
172,,941136.7441860465,725167.2030824593
173,,940000,721130.4731704908
174,,953466.0465116279,732826.9049259321
175,,964183.8609302328,737601.7989721233
176,,940000,724497.7642334922
177,,953466.0465116279,733721.1785630325
178,,964662.8674418606,740945.9149707612
179,,940000,726107.7263407132
180,,957575.8139534884,730136.8224887413
181,,940000,727838.8026851105
182,,940109.3023255814,733784.3704534973
183,,940000,729568.1330826292
184,,940000,730279.223025334
185,,944219.0697674418,738685.9402147413
186,,940000,731375.2363023562
187,,940000,733533.8761083037
188,,940000,735035.556930128
189,,940000,735390.0203242899
190,,949356.2790697674,743998.5659248881
191,,957868.8097674418,745183.2911712707
192,,962666.3529334881,741396.3690174535
193,,940000,740228.1969706013
194,,940000,740906.3555984695
195,,940000,741880.137097938
196,,946273.9534883721,747061.4543995388
197,,940000,743780.6593024872
198,,949356.2790697674,750417.7333667937
199,,957887.5004651163,757497.5477021853
200,,962768.5867432557,767254.3587923856
201,,960487.5484658061,766249.7108616452
202,,940000,748685.2932819573
203,,951411.1627906977,755611.8404980703
204,,950425.1683720929,760092.3129278332
205,,940000,751316.7118118637
206,,951411.1627906977,758952.1236259129
207,,940000,752566.531286373
208,,950383.7209302326,757166.4498411024
209,,954912.2255813952,764747.7701383545
210,,957844.309891628,773117.890420542
211,,956338.5845785742,774339.1946644336
212,,940000,759443.5742897028
213,,940000,759495.8921241834
214,,946273.9534883721,768786.7339984879
215,,951160.423255814,770231.3415661092
216,,940000,763130.9033187408
217,,953466.0465116279,773345.9999127329
218,,940000,765609.4636702205
219,,940000,766626.7037151343
220,,940000,767585.688332357
221,,950383.7209302326,774322.6018677981
222,,940000,770857.4959409888
223,,951411.1627906977,778334.4561643653
224,,940000,773423.5667347708
225,,940000,774936.7167933495
226,,946273.9534883721,783592.8646011855
227,,940000,779137.0993435807
228,,940000,778956.5896046802
229,,940000,780968.9485921053
230,,940000,781692.764959529
231,,954493.4883720931,782148.2347485208
232,,940000,784629.6664917629
233,,940000,784856.2607824985
234,,951411.1627906977,790844.2179574587
235,,955476.903255814,794461.9322968767
236,,949066.4443227911,796717.2419714923
237,,946250.3166936043,796942.2723435649
238,,940000,790691.3142752327
239,,940000,791084.4624443854
240,,940000,792358.2557967665
241,,940000,794418.7968268489
242,,940000,796196.0725044669
243,,951411.1627906977,802832.0669294172
244,,958519.1586046512,813739.1669376853
245,,940000,801310.30347064
246,,940000,802586.0972058423
247,,949356.2790697674,816013.6636380404
248,,943229.9930232557,825608.9266653551
249,,940000,805330.9346482191
250,,952438.6046511628,814437.8617870912
251,,940000,809235.5482635901
252,,940000,810170.524931434
253,,946273.9534883721,817202.3045873292
254,,940000,813623.3225911581
255,,954493.4883720931,823034.0119397987
256,,940000,817074.665857337
257,,950383.7209302326,826139.1825868317
258,,965015.6953488375,835693.8991852729
259,,940000,822814.3955474745
260,,940000,826190.9934321293
261,,949356.2790697674,835411.4806968449
262,,956357.0274418608,839235.5282225522
263,,953375.3068906975,840189.5611795678
264,,940000,834908.9116727903
265,,940000,837166.1672324451
266,,946273.9534883721,843929.7233010283
267,,954202.6786046511,849161.7342978718
268,,940000,844880.4902497571
269,,940000,845565.021917443
270,,951411.1627906977,852727.518329926
271,,940000,847160.9683917493
272,,949356.2790697674,854085.6277495014
273,,940000,846473.2223420382
274,,940000,848632.0547418843
275,,952438.6046511628,855932.1231034664
276,,958069.7511627909,864660.3357110809
277,,940000,851926.5471984195
278,,940000,855104.2255740326
279,,940000,857916.2952945424
280,,940000,857042.218232169
281,,940000,859843.3025147829
282,,951411.1627906977,864304.5801216855
283,,940000,863704.4598662734
284,,940000,867345.1753216076
285,,951411.1627906977,873851.9170838204
286,,940000,868375.1338362489
287,,940000,869824.6140132814
288,,955520.9302325582,883772.1545433367
289,,940000,877920.8358642026
290,,949356.2790697674,890508.7190732798
291,,947784.0306976743,893941.0416102861
292,,953401.3184176744,891471.1716751466
293,,940000,876430.0476894141
294,,940000,879153.5413350622
295,,940000,881780.3075728355
296,,940000,884171.4402822242
297,,940000,884343.0826716218
298,,948328.8372093023,894356.8359943156
299,,958336.9079069768,900260.5842997627
300,,962152.7524762789,908209.576838853
301,,966691.5564458816,908187.6550139064
302,,956123.8173204366,902005.8538526145
303,,940000,898608.8051260915
304,,946273.9534883721,903976.6841056488
305,,948634.5558139533,909618.6627059479
306,,940000,901111.9738653331
307,,951411.1627906977,911774.0545094041
308,,962538.1176744186,915702.9275688884
309,,956420.8197330232,930621.6199689719
310,,940000,904828.9472808616
311,,940000,906061.0557139565
312,,946273.9534883721,916793.1632850162
313,,940000,909703.3117995212
314,,956548.3720930233,916029.9615046916
315,,962300.5600000003,917017.1484572326
316,,961818.7925116275,926800.4266180552
317,,958630.8024755664,928646.4464157438
318,,940000,917991.7485650724
319,,940000,919886.4723445969
320,,951411.1627906977,920172.436020381
321,,954960.5153488372,927515.9082991142
322,,955031.6130358138,940125.3230943404
323,,947889.5559431276,945816.4570046023
324,,952574.054166332,938810.9529989854
325,,952071.9986827119,940448.1133729392
326,,940000,923235.4229063785
327,,951411.1627906977,932763.2595743029
328,,953448.7330232557,943504.8790612028
329,,940000,929165.8426186861
330,,956548.3720930233,938578.485844935
331,,940000,931885.6549256799
332,,947301.3953488372,935873.3493810421
333,,953734.5804651163,942777.8404123631
334,,951904.2998851162,954758.3852125786
335,,940000,934142.4019590286
336,,940000,930592.0715062701
337,,940000,935097.8518036536
338,,940000,933542.684181806
339,,940000,937167.049410877
340,,950383.7209302326,939928.8921428781
341,,955409.9227906977,940571.7951640153
342,,940000,936939.6392972154
343,,943191.6279069767,944220.2095585995
344,,946940.5227906978,949954.7462689797
345,,940000,942818.1718782252
346,,940000,941085.421740925
347,,947301.3953488372,949755.7050430464
348,,953236.8832558141,957722.0071880183
349,,964601.069896279,959040.015586377
350,,966225.7335223074,963182.654063174
351,,940000,943330.7073528745
352,,951411.1627906977,944401.5098540917
353,,940000,942018.25333523
354,,953466.0465116279,950467.1762605456
355,,940000,943647.2569353826
356,,940000,942278.2579194742
357,,940000,945996.0445714764
358,,954493.4883720931,951889.0614881612
359,,940000,945936.7970094978
360,,940000,944414.7547156375
361,,940000,948196.6550844844
362,,952438.6046511628,957314.761246061
363,,940000,946290.0605776447
364,,953466.0465116279,957374.650523095
365,,957620.3437209303,954753.9469909096
366,,940000,943375.2232983912
367,,940000,944198.8926574787
368,,940000,945395.8973932498
369,,954493.4883720931,951641.3984753788
370,,940000,943738.3220889178
371,,940000,950761.7117048533
372,,949356.2790697674,954646.7224819909
373,,958920.2762790702,954848.2009650933
374,,940000,948978.8214783203
375,,952438.6046511628,954770.8049382953
376,,955027.4958139537,958179.380528998
377,,960495.7553655814,962631.8556042504
378,,940000,947421.9206843869
379,,950383.7209302326,953818.0312952591
380,,940000,943654.6451281047
381,,948328.8372093023,952963.3675097389
382,,958853.2958139536,960596.7885591051
383,,940000,951269.7528689761
384,,940000,952328.5869574208
385,,940000,947051.1252247553
386,,940000,948586.0941190056
387,,947301.3953488372,953077.4106590769
388,,940000,947596.8640626958
389,,950383.7209302326,954775.9007842558
390,,964020.3009302326,951847.7351402586
391,,959405.1317111625,959282.7468653362
392,,968058.3895231863,963664.1372287746
393,,968106.4705563099,970453.270473565
394,,940000,944900.8616764917
395,,953466.0465116279,955124.6063439377
396,,961141.6055813954,957272.2776893636
397,,960564.0658651164,955769.7697907365
398,,940000,939602.14928546
399,,940000,943224.7086744198
400,,940000,944041.5996620276
401,,940000,946610.48405987
402,,940000,948089.134765318
403,,946273.9534883721,949968.0505944701
404,,940000,942786.4377009356
405,,948328.8372093023,949339.7019579039
406,,955313.3432558139,953798.1656868269
407,,955473.6110697672,957680.796232527
408,,960839.3313095513,961004.6407540196
409,,940000,943898.2249868622
410,,952438.6046511628,950919.7453251579
411,,940000,948493.8678650641
412,,940000,946403.2684332728
413,,948328.8372093023,956443.3985245227
414,,940000,944810.0186717666
415,,943191.6279069767,952150.5138612736
416,,940000,946642.0754569161
417,,953466.0465116279,953194.1644819309
418,,955592.1734883721,954919.9692507079
419,,955702.7216199997,960987.8022045515
420,,940000,944845.4727312496
421,,940000,943961.728047903
422,,940000,943077.6210298837
423,,949356.2790697674,947318.8996569633
424,,958901.5855813953,951373.3441600221
425,,959817.6329386046,961906.9210716999
426,,940000,951123.581883697
427,,952438.6046511628,955018.3966286338
428,,940000,948685.8248352044
429,,950383.7209302326,959087.0648224626
430,,940000,953118.0974113699
431,,940000,948076.8984248373
432,,945246.5116279069,950042.2598276509
433,,940000,944105.8457564294
434,,940000,946275.1461142995
435,,946273.9534883721,949079.9986541695
436,,951695.5018604653,950818.34033507
437,,957094.9875362791,955727.456825798
438,,940000,949135.9464137112
439,,940000,945465.5726120144
440,,940000,945856.5819116579
441,,949356.2790697674,954308.3176112848
442,,940000,944514.0508224473
443,,945246.5116279069,959306.2832861625
444,,940000,950975.3009019201
445,,946273.9534883721,952426.5143990498
446,,940000,946665.9849752685
447,,940000,947136.8669167144
448,,951411.1627906977,953219.3950378714
449,,940000,944015.070119285
450,,952438.6046511628,943329.8051907896
451,,950492.1488372094,948336.880643725
452,,953781.1507976744,951501.2067703217
453,,956055.1890526944,953103.0098179021
454,,958291.8068878831,955963.1975627415
455,,940000,942391.5873382626
456,,949356.2790697674,951792.9683069024
457,,958403.8883720931,964494.0032326422
458,,957191.7625255809,964594.0259605757
459,,940000,945152.8031162857
460,,940000,945570.1909668737
461,,949356.2790697674,947669.8994683911
462,,940000,947238.451969287
463,,942164.1860465116,951010.4992889892
464,,940000,941061.294025225
465,,940000,941964.4322179063
466,,952438.6046511628,943697.6790024652
467,,940000,943406.7981267574
468,,955520.9302325582,949321.2160677933
469,,962252.2702325583,957213.2241473095
470,,940000,954178.8842621533
471,,940000,955260.4250099695
472,,940000,951170.7337962475
473,,950383.7209302326,951446.4390675188
474,,940000,947192.0041607503
475,,940000,947342.7908711917
476,,951411.1627906977,959885.2005862814
477,,940000,949841.0157278295
478,,940000,940694.0160978476
479,,953466.0465116279,952745.2704388585
480,,940000,947317.9695768227
481,,945246.5116279069,953761.4796306206
482,,940000,945602.0172373791
483,,951411.1627906977,953210.0589395408
484,,953448.7330232557,954284.8628954042
485,,940000,947241.3671732801
486,,940000,943885.1451236573
487,,955520.9302325582,949688.3860573095
488,,940000,944345.3691309615
489,,952438.6046511628,951752.8514236787
490,,940000,945235.8974585439
491,,944219.0697674418,951617.0106878355
492,,947505.2004651164,955288.7030465563
493,,949459.3507037208,946570.5732053695
494,,940000,941028.2363097677
495,,942164.1860465116,943782.3934506833
496,,952479.0465116281,950517.9368820549
497,,951794.4033920928,960673.5475526196
498,,956306.2313549761,957583.218090615
499,,940000,944436.7315756618
500,,940000,945223.547258262
501,,940000,946455.5027526285
502,,940000,941834.5035050025
503,,940000,943238.3056215482
504,,940000,945257.0106801488
505,,940000,943923.7063870117
506,,940000,946950.0472715996
507,,949356.2790697674,956742.1203624911
508,,940000,945070.6887304488
509,,940000,943939.6078885637
510,,940000,945322.9635981014
511,,946273.9534883721,949956.8644086698
512,,940000,948792.7953921908
513,,940000,949343.8171693163
514,,940000,947648.5551281999
515,,940000,949162.9027578168
516,,952438.6046511628,960111.6502763708
517,,940000,956702.7042188366
518,,948328.8372093023,958369.3935502364
519,,947735.7409302326,962465.7369070904
520,,940000,949361.8510181054
521,,950383.7209302326,949679.420025108
522,,940000,951197.6842026069
523,,950383.7209302326,956409.5177754734
524,,955963.6920930233,959224.987320266
525,,957425.8707934887,963695.0876161725
526,,940000,953760.3580584419
527,,950383.7209302326,955798.301139319
528,,962987.5251162793,965531.1505549283
529,,968053.8660916279,963754.885473512
530,,967800.6959051812,965129.6404870875
531,,940000,952064.2730960753
532,,940000,948915.5852155358
533,,942164.1860465116,960253.451123508
534,,940000,952435.254041005
535,,940000,953240.1033018155
536,,952438.6046511628,951484.0963416417
537,,940000,943801.1852199287
538,,940000,948188.1724620317
539,,940000,949992.2359330332
540,,947301.3953488372,952178.7046522463
541,,940000,946355.9586479611
542,,940000,938991.2121705923
543,,949356.2790697674,943732.2345132063
544,,954845.2451162792,945111.2232989065
545,,957523.497073023,943668.6366301299
546,,951756.2496001433,951490.0393985134
547,,940000,948844.3333142989
548,,940000,944724.9946801419
549,,948328.8372093023,960805.8447057914
550,,954299.2581395351,966440.2780360016
551,,940000,950593.6694408455
552,,951411.1627906977,961146.0620443918
553,,940000,952154.8850778887
554,,952438.6046511628,963204.1685480596
555,,940000,948277.9100857716
556,,954493.4883720931,950402.6114944665
557,,940000,943067.9017506944
558,,940000,941112.6682335492
559,,940000,939629.8362863625
560,,940000,939927.3555514739
561,,940000,943679.8444991354
562,,946273.9534883721,960436.8703789781
563,,949648.6409302328,965384.6819870452
564,,940000,947333.8260441165
565,,948328.8372093023,950512.9059447522
566,,940000,945638.2341276691
567,,940000,949061.167148046
568,,940000,943982.1345954685
569,,940000,945980.4590780955
570,,940000,948027.8364365167
571,,940000,949015.3229932877
572,,949356.2790697674,957900.6520582921
573,,940000,947167.5668341477
574,,946273.9534883721,953035.7496560821
575,,958719.3348837211,959974.277610267
576,,940000,951270.8068444275
577,,948328.8372093023,960596.4929978452
578,,954317.9488372094,960121.5548213866
579,,940000,948858.0602489909
580,,951411.1627906977,955998.362566847
581,,959016.8558139534,960334.2697470561
582,,962784.7648427906,958487.5178666718
583,,940000,945688.2120684914
584,,940000,944550.4619942455
585,,940000,946372.2588104415
586,,949356.2790697674,957530.6030592282
587,,940000,944185.942366469
588,,944219.0697674418,951414.036902204
589,,945458.3395348836,952604.9693624217
590,,959252.036774883,959029.9729742784
591,,940000,949990.6896065284
592,,940000,943911.0699551202
593,,949356.2790697674,950885.8199192815
594,,940000,943906.8101433939
595,,940000,943959.686980751
596,,949356.2790697674,945312.2999684787
597,,953849.8506976746,948429.5238817246
598,,959568.0190427904,951891.1748163468
599,,954376.0507292011,955080.8949489369
600,,940000,943998.5326679558
601,,940000,941757.2276620633
602,,954493.4883720931,946337.4893504475
603,,956654.5483720931,953987.1153802997
604,,940000,949694.5937900173
605,,940000,950415.368378403
606,,949356.2790697674,954345.596778309
607,,959399.282790698,967303.4625698555
608,,940000,946788.0538958685
609,,940000,949323.462314458
610,,940000,946968.250555241
611,,947301.3953488372,952350.7624515973
612,,954250.9683720932,962461.3701342706
613,,940000,947878.1801012002
614,,940000,951823.7504108525
615,,951411.1627906977,959742.41860334
616,,940000,950656.6427279953
617,,950383.7209302326,963432.1583042558
618,,962489.8279069768,959577.3374584097
619,,940000,951494.9857576072
620,,940000,948994.9982446369
621,,950383.7209302326,954779.1435147334
622,,956405.3172093023,957610.6863340146
623,,940000,945938.3885556449
624,,940000,944380.3498344535
625,,940000,943064.1820990453
626,,952438.6046511628,949967.1135032658
627,,956041.5809302325,950457.5238193016
628,,940000,946906.3666199244
629,,940000,950706.1581232076
630,,947301.3953488372,953095.5952887043
631,,954729.974883721,952779.5541792115
632,,961060.7970386042,954207.5005723923
633,,940000,940819.3010846258
634,,940000,945584.2712191718
635,,940000,945228.2547445936
636,,940000,941799.9825055468
637,,940000,943062.1895151096
638,,940000,947539.7997290896
639,,940000,949732.3245557448
640,,940000,949267.234185796
641,,940000,945457.0297919756
642,,940000,949859.6983155534
643,,940000,952165.5474501041
644,,948328.8372093023,957735.2431058728
645,,940000,955828.0124127456
646,,940000,955485.3609950726
647,,940000,954008.2994411247
648,,951411.1627906977,963505.4812430289
649,,940000,951394.41402883
650,,950383.7209302326,963465.7215277404
651,,940000,948205.410888266
652,,948328.8372093023,958972.6126871284
653,,940000,949462.7327951494
654,,940000,949777.4724179138
655,,947301.3953488372,949711.072636491
656,,946654.675348837,952295.2892911988
657,,940000,945499.7716832396
658,,940000,940657.4352744825
659,,940000,944480.0915069514
660,,947301.3953488372,946916.434870529
661,,959284.0125581397,953676.1676104174
662,,940000,948443.6428426881
663,,951411.1627906977,954614.7193414188
664,,955476.9032558139,957781.0780626617
665,,962680.0615874418,967828.2012965734
666,,966889.930452327,962113.4230029315
667,,975309.2953598112,963077.3729775039
668,,979514.6454113682,950460.8055188663
669,,975691.3726664966,963178.655440486
670,,940000,943271.4253980229
671,,940000,938965.3780111566
672,,952438.6046511628,947694.3464804027
673,,940000,944842.2082462293
674,,940000,939519.2177285602
675,,952438.6046511628,943027.1066551977
676,,940000,942101.0026084053
677,,940000,939584.8042191499
678,,949356.2790697674,949524.6572030546
679,,958403.888372093,957938.4110795006
680,,940000,941268.7636221824
681,,948328.8372093023,953005.093762679
682,,958336.9079069769,957516.8159491664
683,,950797.7719553486,958949.7023721284
684,,940000,942762.7642329214
685,,940000,939907.2009032301
686,,947301.3953488372,948856.8308316242
687,,949678.2399999999,949554.1344000455
688,,950792.3694255814,947446.249538412
689,,940000,939984.112522122
690,,950383.7209302326,948146.6296704086
691,,950874.5758139533,952025.2063053631
692,,940000,946693.9466572887
693,,940000,950985.6636473147
694,,942164.1860465116,951280.8296515007
695,,951943.9679069768,951332.9527812074
696,,950512.2047646511,945079.1128926928
697,,955434.2111487392,953598.6393567986
698,,949122.103325427,962298.4330580678
699,,940000,943723.526902977
700,,940000,945601.3285881091
701,,940000,948278.7746939241
702,,950383.7209302326,951879.3107523688
703,,940000,947855.2947726096
704,,940000,938926.0726702856
705,,948328.8372093023,951011.0288288456
706,,952787.4758139537,952844.93906983
707,,940000,940793.3646319468
708,,940000,943196.9491980089
709,,940000,942354.0720115887
710,,947301.3953488372,946841.5132798903
711,,940000,942979.6048827912
712,,947301.3953488372,952286.7128264343
713,,940000,947327.9077803919
714,,940000,946140.6754546164
715,,940000,946953.6699444436
716,,948328.8372093023,948944.4918411386
717,,943181.7032558142,948888.4030719157
718,,940000,942713.9048872535
719,,940000,943568.957496459
720,,946273.9534883721,943577.2390446329
721,,940000,944218.3883300452
722,,940000,950086.5881642952
723,,940000,949652.9625821096
724,,940000,943515.6093379878
725,,946273.9534883721,955808.3343872605
726,,940000,938040.1126635316
727,,940000,938675.4796517602
728,,940000,939813.7163244005
729,,940000,944628.705272101
730,,940000,942114.8317377497
731,,940000,941763.0080398862
732,,947301.3953488372,951513.415199751
733,,940000,948062.5128339063
734,,950383.7209302326,946035.6923976637
735,,940000,945418.8290290773
736,,940000,947946.371329531
737,,945246.5116279069,951243.390833142
738,,940000,944708.5080746643
739,,950383.7209302326,952149.4453306793
740,,957954.4809302327,952155.2832549462
741,,940000,943316.6084444214
742,,940000,947790.4747831107
743,,952438.6046511628,952486.8797645731
744,,940000,947501.8450823914
745,,943191.6279069767,951778.8093425682
746,,952489.954883721,958252.5321953383
747,,940000,946041.4886996718
748,,940000,948080.255459809
749,,942164.1860465116,957485.9936450379
750,,940000,951112.261364036
751,,940000,946331.90142841
752,,940000,945227.371116868
753,,947301.3953488372,946866.0651155349
754,,945142.8930232556,955423.7767601438
755,,940000,935703.5415630349
756,,946273.9534883721,945067.7820280542
757,,940000,934770.0154696885
758,,952438.6046511628,943661.1288442778
759,,964098.189767442,953687.9581506707
760,,940000,939138.3314515235
761,,940000,943104.0975480088
762,,940000,940548.4697088479
763,,940000,944129.88365036
764,,940000,947179.7559252618
765,,940000,943546.0799234827
766,,954493.4883720931,948071.3724090997
767,,940000,939376.8724371415
768,,946273.9534883721,948134.8713534125
769,,940000,940159.6930307453
770,,943191.6279069767,952031.3853088993
771,,947973.2986046511,958123.6249282704
772,,953506.3501702324,953309.3199540284
773,,955163.7313054918,944945.1094913078
774,,940000,943136.8429621194
775,,949356.2790697674,947342.7529822687
776,,940000,938078.7174080315
777,,940000,938410.7732335748
778,,953466.0465116279,942134.4430007909
779,,940000,937390.9906913923
780,,946273.9534883721,943477.5528622044
781,,940000,939399.3894858602
782,,954493.4883720931,945061.518660467
783,,954626.3781395348,945244.6637435026
784,,940000,943783.1208390658
785,,953466.0465116279,950803.5662383082
786,,959629.8232558141,958964.9125482875
787,,940000,953501.1099778088
788,,940000,953551.710427634
789,,948328.8372093023,964116.4214475127
790,,940000,945144.5221011341
791,,950383.7209302326,950530.5478405119
792,,964499.3074418608,962675.1403051037
793,,962549.8916116278,962537.4643038813
794,,940000,954299.3353810642
795,,940000,947209.6897336927
796,,940000,949258.2677637485
797,,946273.9534883721,949623.038774896
798,,940000,943062.815513654
799,,950383.7209302326,946416.0992030179
800,,940000,944805.4281361311
801,,942164.1860465116,946734.3534283688
802,,940000,945004.5021925124
803,,940000,949909.7932793661
804,,940000,941786.6453829005
805,,950383.7209302326,949255.4722246756
806,,954912.2255813954,957143.08570224
807,,940000,937902.2480503364
808,,951411.1627906977,945055.9722108517
809,,940000,942608.4399350476
810,,940000,947386.3582238607
811,,943191.6279069767,957353.2109660931
812,,940000,946005.8752467824
813,,940000,949245.3996879052
814,,942164.1860465116,954490.5089098245
815,,949897.1069767443,956368.2177011915
816,,940000,946334.6517503023
817,,950383.7209302326,945905.2908606761
818,,959963.9604651164,951348.9405136403
819,,940000,942830.1495001697
820,,940000,945929.2719406217
821,,948328.8372093023,950694.7554332376
822,,940000,949671.6216348473
823,,955520.9302325582,955075.2496780361
824,,962768.6581395351,960614.5376061512
825,,968195.4824911626,975705.1818108781
826,,976574.5209291603,969414.5438125653
827,,940000,945515.5526585772
828,,952438.6046511628,955781.3515009915
829,,948961.6758139535,959057.2501053042
830,,940000,949410.7831085781
831,,951411.1627906977,948669.869475608
832,,956988.6855813954,963735.1596874582
833,,940000,950874.6523105884
834,,940000,958124.9073043537
835,,940000,960087.9490456244
836,,940000,954622.8450425679
837,,951411.1627906977,965562.906462559
838,,952453.338604651,959300.6279374029
839,,951553.857960465,959864.8056699508
840,,940000,943140.4250436401
841,,940000,948738.2153235629
842,,940000,943775.4602096615
843,,944219.0697674418,953382.609924833
844,,954603.7962790699,952024.3269914094
845,,940000,942960.672951414
846,,949356.2790697674,948642.936612756
847,,954347.5479069767,952004.8541669855
848,,962385.7886195346,953592.9783166428
849,,940000,947963.2288406588
850,,940000,945548.5760351676
851,,952438.6046511628,957531.5349547205
852,,953515.713488372,961795.0503473865
853,,954808.1190074416,965624.2143138595
854,,966914.4726922796,965011.5874158667
855,,960616.5103429365,962070.3146890453
856,,961606.3994218631,959714.5162119806
857,,940000,943411.3490270631
858,,940000,946364.1260306505
859,,940000,944953.4740828506
860,,940000,941599.7986039103
861,,940000,943778.0605187056
862,,947301.3953488372,950711.7706749183
863,,940000,944085.107307749
864,,940000,942705.9592521901
865,,940000,944219.6922588799
866,,950383.7209302326,950799.0994258559
867,,952902.7460465119,955809.0345072729
868,,960365.5016860465,955442.1163613328
869,,958286.9807640499,961247.1209431442
870,,949489.3625141184,963855.7858399187
871,,940000,952761.6482521265
872,,954493.4883720931,962830.317291554
873,,964213.4600000001,970104.5469842949
874,,940000,943183.5342150053
875,,940000,944052.2924222695
876,,940000,948764.3389505133
877,,940000,949305.4178349489
878,,951411.1627906977,954235.8573870527
879,,957984.08,961374.1035806027
880,,956253.7684855813,965404.0432132183
881,,940000,946147.9596021189
882,,953466.0465116279,948855.9748652192
883,,940000,942515.4681987362
884,,940000,937540.3656056949
885,,954493.4883720931,944778.6945272589
886,,940000,941214.1771138194
887,,940000,942331.423882722
888,,946273.9534883721,943641.1111742085
889,,955198.073023256,948285.7235472763
890,,940000,943408.5372564037
891,,951411.1627906977,950203.4410661659
892,,953965.1209302326,958811.8933565873
893,,956477.4613348837,962615.5587358925
894,,956493.577515591,963499.6140519297
895,,960786.6390127316,958089.5895539976
896,,959763.1013099132,960910.625472648
897,,940000,946225.3295592504
898,,950383.7209302326,966059.6325934016
899,,958452.178139535,965960.9559497369
900,,940000,955212.1189096445
901,,948328.8372093023,963746.9077091885
902,,940000,952335.0388497756
903,,940000,954701.5601099182
904,,940000,952723.7629512609
905,,948328.8372093023,953456.1948031123
906,,950242.9176744184,963564.7164886581
907,,959657.4668632558,970959.1159449541
908,,956956.1234641114,964358.48754125
909,,966024.4173936007,971610.4146454965
910,,970962.2825248267,970949.4317664858
911,,970811.4551609252,962993.6173536236
912,,940000,950427.7915992027
913,,940000,944550.0314650862
914,,951411.1627906977,951350.2914513019
915,,959514.5530232559,954735.1443360939
916,,940000,944152.3390737695
917,,940000,945457.6890472978
918,,952438.6046511628,948321.3696540166
919,,940000,943683.5269723376
920,,940000,946883.5176319217
921,,947301.3953488372,949437.0560545684
922,,950729.706511628,952118.6387319745
923,,948480.7716390697,954412.613054769
924,,940000,941169.3224574135
925,,940000,941303.2737467935
926,,940000,948098.3664086309
927,,948328.8372093023,950925.296770525
928,,940000,947863.1725097713
929,,949356.2790697674,956764.104241588
930,,940000,939974.3931080274
931,,940000,942584.2483363082
932,,948328.8372093023,951040.1784827731
933,,940000,943772.9978754221
934,,940000,946473.8447892723
935,,940000,946468.0265940418
936,,951411.1627906977,951918.037607745
937,,940000,948743.4112104685
938,,955520.9302325582,960132.7275354731
939,,940000,938314.864556226
940,,948328.8372093023,945828.0689577685
941,,940000,941042.7263039697
942,,950383.7209302326,946144.9451246952
943,,940000,942584.5927642545
944,,940000,941778.8837733788
945,,940000,941982.5306005285
946,,940000,944898.1266670943
947,,944219.0697674418,949840.8023242855
948,,949514.6799999998,951858.5917567633
949,,953260.8616939532,954931.2503514382
950,,948599.0281586774,957600.3875249889
951,,940000,942761.7202768493
952,,947301.3953488372,951697.6334324812
953,,940000,951878.0337811839
954,,951411.1627906977,953012.4593657822
955,,940000,948608.7042578851
956,,940000,944660.3598613949
957,,940000,948584.2314430801
958,,954493.4883720931,957297.2497155389
959,,940000,947935.6390245978
960,,940000,949454.3168674787
961,,940000,944306.8678949334
962,,940000,942958.8101723283
963,,940000,943125.5579236477
964,,944219.0697674418,949903.6923695888
965,,940000,945612.6457693117
966,,953466.0465116279,953329.4856758966
967,,940000,945682.1621690231
968,,940000,940518.0609201792
969,,948328.8372093023,948709.8554026478
970,,946721.6558139536,951716.0585779906
971,,940000,943245.3324480013
972,,952438.6046511628,947139.6839383378
973,,957572.0539534886,950975.5103092416
974,,940000,944953.0472186446
975,,945246.5116279069,943633.1015093592
976,,940000,941238.8288958209
977,,940000,943120.0162463936
978,,940000,942991.2049373641
979,,940000,940172.7261292076
980,,940000,942414.7385923824
981,,952438.6046511628,948151.7299944978
982,,940000,943346.3500775475
983,,951411.1627906977,947042.4101210358
984,,940000,947105.0927810927
985,,940000,943278.2858438168
986,,956548.3720930233,947510.5720268422
987,,962319.2506976746,950183.0104225391
988,,940000,947110.9586768011
989,,947301.3953488372,951765.4348911549
990,,948682.8455813953,953978.5476011232
991,,940000,945848.4542172359
992,,955520.9302325582,953249.2733509312
993,,957716.923255814,953769.2769609811
994,,940000,945963.0389710575
995,,940000,942671.9370065721
996,,951411.1627906977,951522.9891251589
997,,957505.0734883721,949484.9996715209
998,,946512.3011562792,961294.5216093971
999,,940000,944854.0950242109
1000,,946273.9534883721,950788.9220353409